{
  "counts": [
    66766234,
    13575533,
    1578233
  ],
  "weights": [
    0.40898916125297546,
    2.0114617347717285,
    17.30204963684082
  ],
  "n_sample": 5000
}