{
  "tta": {
    "pix_acc": 0.9535619922953371,
    "miou": 0.8967066070996017,
    "per_iou": [
      0.9424171560680412,
      0.8097274961098317,
      0.9379751691209319
    ],
    "per_prec": [
      0.9671983417047734,
      0.9014964881524741,
      0.9823566263995408
    ],
    "per_rec": [
      0.9735324473808025,
      0.8883229535662033,
      0.9540473090139512
    ],
    "per_f1": [
      0.970355057999734,
      0.8948612405463388,
      0.967995033235022
    ],
    "support": [
      546813119,
      167677975,
      39238442
    ],
    "macro_f1": 0.9444037772603648,
    "weighted_f1": 0.9534375119551357,
    "confusion_matrix": [
      [
        532340314,
        14472663,
        142
      ],
      [
        18053575,
        148952194,
        672206
      ],
      [
        266,
        1802846,
        37435330
      ]
    ],
    "confusion_matrix_rownorm": [
      [
        0.9735324473808025,
        0.02646729293267011,
        2.5968652738194454e-07
      ],
      [
        0.10766813590156966,
        0.8883229535662033,
        0.004008910532227026
      ],
      [
        6.77906630441647e-06,
        0.04594591191974442,
        0.9540473090139512
      ]
    ]
  },
  "no_tta": {
    "pix_acc": 0.9511643205660445,
    "miou": 0.8915314438471732,
    "per_iou": [
      0.939567929966701,
      0.8014916235050159,
      0.9335347780698027
    ],
    "per_prec": [
      0.9667296582817558,
      0.8933378368622498,
      0.9792365082426336
    ],
    "per_rec": [
      0.9709646157922557,
      0.8863076978356877,
      0.9523867435919092
    ],
    "per_f1": [
      0.9688425091487585,
      0.8898088817594598,
      0.9656250186528593
    ],
    "support": [
      546813119,
      167677975,
      39238442
    ],
    "macro_f1": 0.9414254698536926,
    "weighted_f1": 0.9510928426267993,
    "confusion_matrix": [
      [
        530936190,
        15876277,
        652
      ],
      [
        18271959,
        148614280,
        791736
      ],
      [
        397,
        1867873,
        37370172
      ]
    ],
    "confusion_matrix_rownorm": [
      [
        0.9709646157922557,
        0.02903419184425237,
        1.1923634919227313e-06
      ],
      [
        0.10897053712629819,
        0.8863076978356877,
        0.004721765038014086
      ],
      [
        1.0117629033283228e-05,
        0.04760313877905754,
        0.9523867435919092
      ]
    ]
  },
  "delta_miou": 0.005175163252428505,
  "views": [
    "id",
    "hflip",
    "vflip",
    "rot180"
  ],
  "class_names": [
    "ice",
    "thin_ice",
    "water"
  ],
  "checkpoint": "/home/spant/Research Seminar/Project/runs/fusion_deep_v1/best.pt",
  "n_test": 46004
}