{
  "U-Net (image only) | noTTA": {
    "per_iou": [
      0.9299479211107834,
      0.7683080446371816,
      0.9130379241240778
    ],
    "miou": 0.8704312966240142
  },
  "U-Net (image only) | TTA": {
    "per_iou": [
      0.9347801595014432,
      0.7821499391262728,
      0.9203039776803543
    ],
    "miou": 0.8790780254360234
  },
  "Bi-LSTM (CSV only) | noTTA": {
    "per_iou": [
      0.7254417444605072,
      0.0,
      0.0004767536376022779
    ],
    "miou": 0.24197283269936984
  },
  "Bi-LSTM (CSV only) | TTA": {
    "per_iou": [
      0.7254417444605072,
      0.0,
      0.0004767536376022779
    ],
    "miou": 0.24197283269936984
  },
  "Deep fusion | noTTA": {
    "per_iou": [
      0.939567929966701,
      0.8014916235050159,
      0.9335347780698027
    ],
    "miou": 0.8915314438471732
  },
  "Deep fusion | TTA": {
    "per_iou": [
      0.9424171560680412,
      0.8097274961098317,
      0.9379751691209319
    ],
    "miou": 0.8967066070996017
  }
}