{
  "pix_acc": 0.9511643298531955,
  "miou": 0.8915314847733274,
  "per_iou": [
    0.9395679364036168,
    0.8014916516215358,
    0.93353486629483
  ],
  "per_prec": [
    0.9667296687219382,
    0.8933378839095604,
    0.9792363089507132
  ],
  "per_rec": [
    0.970964612134699,
    0.8863076859080627,
    0.9523870239292376
  ],
  "per_f1": [
    0.9688425125708989,
    0.8898088990866067,
    0.9656250658502296
  ],
  "support": [
    546813119,
    167677975,
    39238442
  ],
  "macro_f1": 0.9414254925025783,
  "weighted_f1": 0.9510928514212051,
  "confusion_matrix": [
    [
      530936188,
      15876279,
      652
    ],
    [
      18271953,
      148614278,
      791744
    ],
    [
      397,
      1867862,
      37370183
    ]
  ],
  "confusion_matrix_rownorm": [
    [
      0.970964612134699,
      0.029034195501809093,
      1.1923634919227313e-06
    ],
    [
      0.10897050134342331,
      0.8863076859080627,
      0.004721812748513929
    ],
    [
      1.0117629033283228e-05,
      0.04760285844172916,
      0.9523870239292376
    ]
  ],
  "class_names": [
    "ice",
    "thin_ice",
    "water"
  ],
  "tta": false,
  "checkpoint": "/home/spant/Research Seminar/Project/runs/fusion_deep_v1/best.pt",
  "n_test": 46004
}