{
  "feature_cols": [
    "dac",
    "geoid",
    "tide",
    "N",
    "height_mean",
    "pcnt_mean",
    "pcnth_mean",
    "bcnt_mean",
    "brate_mean",
    "height_sd",
    "pcnt_sd",
    "pcnth_sd",
    "bcnt_sd",
    "brate_sd",
    "height_med",
    "pcnt_med",
    "pcnth_med",
    "bcnt_med",
    "brate_med",
    "fpb_corr",
    "mss",
    "h_cor_mean",
    "h_cor_med"
  ],
  "mean": [
    0.15079833567142487,
    -56.799339294433594,
    0.05809596925973892,
    16.219799041748047,
    -65.30730438232422,
    9.170567512512207,
    6.1658935546875,
    1409.87939453125,
    5932401.5,
    0.14765548706054688,
    1.668419599533081,
    1.201550006866455,
    1.0067121982574463,
    4804.919921875,
    -65.29656982421875,
    9.268710136413574,
    6.30983829498291,
    1409.9124755859375,
    5932542.5,
    0.012875531800091267,
    -66.18658447265625,
    0.8083063960075378,
    0.8190402984619141
  ],
  "std": [
    0.0003367834142409265,
    0.011888662353157997,
    0.0011946309823542833,
    8.044939041137695,
    1.6950392723083496,
    3.11698842048645,
    2.634302854537964,
    305.52099609375,
    1275856.0,
    0.06980576366186142,
    1.0345216989517212,
    0.7616229057312012,
    8.199761390686035,
    36956.9921875,
    1.695318341255188,
    3.2596375942230225,
    2.70841383934021,
    305.6075134277344,
    1276299.25,
    0.010560119524598122,
    1.7506539821624756,
    0.4007752239704132,
    0.4041980504989624
  ]
}