{
  "strategy_A_uniform_avg": {
    "per_iou": [
      0.8992167616905249,
      0.6754731109148584,
      0.8496875297083809
    ],
    "miou": 0.8081258007712547
  },
  "strategy_B_best_scalar_alpha": {
    "best_alpha_on_val": 1.0,
    "per_iou": [
      0.9299489471301787,
      0.7683114173670643,
      0.9130414080779049
    ],
    "miou": 0.870433924191716
  },
  "strategy_C_per_class_alpha": {
    "best_alphas_on_val": [
      1.0,
      1.0,
      1.0
    ],
    "per_iou": [
      0.9299489471301787,
      0.7683114173670643,
      0.9130414080779049
    ],
    "miou": 0.870433924191716
  },
  "baselines": {
    "U-Net": {
      "per_iou": [
        0.9299489471301787,
        0.7683114173670643,
        0.9130414080779049
      ],
      "miou": 0.870433924191716
    },
    "LSTM": {
      "per_iou": [
        0.7254417444605072,
        0.0,
        0.0004767536376022779
      ],
      "miou": 0.24197283269936984
    },
    "Fusion": {
      "per_iou": [
        0.9395679364036168,
        0.8014916516215358,
        0.93353486629483
      ],
      "miou": 0.8915314847733274
    }
  }
}